INSERT INTO "Types" ("type_name", "class", "capacity", "price")
VALUES
    ('truck', 'B', 4, 75.0),
    ('van', 'B+', 2, 60.0),
    ('car', 'B+', 0, 0.0);

INSERT INTO "Vehicle" (vehicle_sigh, model, type_id, price_coeff)
VALUES
    ('ДР985У95', 'VAZ', 1, 0.9),
    ('СО029Л31', 'VAZ', 1, 0.85),
    ('ЛП069Г23', 'GAZEL', 2, 0.6),
    ('КГ045Е43', 'VAZ', 1, 0.8),
    ('ФА666Н02', 'VAZ', 1, 0.8),
    ('СВ033Г67', 'GAZEL', 2, 0.7);

INSERT INTO "Driver" (driver_second_name, driver_name, driver_third_name, driver_class, vehicle_sigh)
VALUES
    ('Гослинг', 'Раян', 'Алексеевич', '9Б', 'ДР985У95'),
    ('Суляева', 'Алина', 'Игоревна', '5А', 'СО029Л31'),
    ('Дорджиев', 'Тимур', 'Батырович', '46447', 'ЛП069Г23'),
    ('Баталин', 'Дмитрий', 'Андреевич', '11Б', 'КГ045Е43'),
    ('Старцев', 'Иван', 'Романович', '208Б', 'КГ045Е43'),
    ('Шашков', 'Дмитрий', 'Дмитриевич', '9Б', 'ЛП069Г23'),
    ('Зайцев', 'Кирилл', 'Владимирович', 'БАЗА', 'ФА666Н02'),
    ('Васютинский', 'Вадим', 'Александрович', 'КРИНЖ', 'ФА666Н02'),
    ('Ядров', 'Артем', 'Леонидович', 'БАЗА', 'ДР985У95'),
    ('Котов', 'Дмитрий', 'Валерьевич', 'ТНКФ', 'СО029Л31'),
    ('Богуж', 'Владислав', 'Андреевич', 'ХЗ', 'СВ033Г67'),
    ('Яценко', 'Александр', 'Владимирович', 'ХЗ', 'СВ033Г67');

INSERT INTO "Voyage" (driver_id, point_begin, point_end, date_begin, date_end)
VALUES
    (2, 'Москва', 'Белгород', '29.04.2022', '29.04.2022'),
    (2, 'Белгород', 'Москва', '04.05.2022', '04.05.2022'),
    (4, 'Москва', 'Иваново', '28.04.2022', '28.04.2022'),
    (4, 'Иваново', 'Москва', '04.05.2022', '04.05.2022'),
    (7, 'Москва', 'Донбасс', '24.02.2022', '25.02.2022'),
    (6, 'Москва', 'Хабаровск', '28.09.2022', '09.10.2022');
